Feature,Coeficiente,Abs_Coef,Odds_Ratio
t_01_volatilidad,-0.21570661611635134,0.21570661611635134,0.8059717263053993
t_01_n_mean_r1,0.13105605195643902,0.13105605195643902,1.1400316805272315
t_01_r4,-0.11799997758337241,0.11799997758337241,0.888696072536186
altura,-0.10320987273181628,0.10320987273181628,0.9019376614955534
t_01_r3,-0.09617596254490775,0.09617596254490775,0.9083041744919593
iacv2_volatilidad,-0.09165820950214189,0.09165820950214189,0.912416951700724
delta_ipm,-0.08361858609659467,0.08361858609659467,0.919782006845779
t_01_n_mean_r2,0.07254228595646608,0.07254228595646608,1.0752382726076368
t_01_n_mean_r4,0.07047516784557373,0.07047516784557373,1.0730179237530948
t_01_r1,-0.06435991446879358,0.06435991446879358,0.9376674587061546
ntl_log_sum_q_r1,0.06414008834012469,0.06414008834012469,1.0662417563374504
t_04_zscore_4q,-0.06287054604229003,0.06287054604229003,0.9390650315057687
t_01_pos_relativa,0.06070569962427562,0.06070569962427562,1.062586148663156
t_01_n_mean_r3,0.06064982906000936,0.06064982906000936,1.0625267830338598
t_01_r2,-0.05949252952948328,0.05949252952948328,0.9422425725602958
quarter_cos,0.057889602683396685,0.057889602683396685,1.0595980124758333
iacv_volatilidad,-0.05722220715559704,0.05722220715559704,0.9443841971235962
dismdo,-0.05442733275763678,0.05442733275763678,0.9470273242215772
iacv2_pos_relativa,0.054082066585137034,0.054082066585137034,1.0555712257264454
iacv_zscore_4q,-0.04996454303819829,0.04996454303819829,0.9512631528040313
iacv_pos_relativa,0.04741279227357914,0.04741279227357914,1.0485547550577252
t_04_pos_relativa,0.045902582680699175,0.045902582680699175,1.0469724127429902
disbogota,0.04502804520548987,0.04502804520548987,1.046057196386368
iacv2_n_mean_r1,0.043300377254799634,0.043300377254799634,1.0442515171497937
quarter_sin,-0.0425025029280779,0.0425025029280779,0.9583880667415432
dept_code,-0.04203942116922309,0.04203942116922309,0.9588319815496474
t_03_volatilidad,0.041990476692053524,0.041990476692053524,1.042884546992778
t_09_volatilidad,0.041936646012810205,0.041936646012810205,1.0428284093202191
ntl_meses_validos_q_r3,-0.040542292790386764,0.040542292790386764,0.9602685512160427
women_share,0.038713077090276674,0.038713077090276674,1.0394721924728771
distancia_mercado,-0.038687905853838626,0.038687905853838626,0.9620509127562158
iacv2_zscore_4q,-0.03822675363391772,0.03822675363391772,0.9624946669815692
indrural,-0.0381994302032547,0.0381994302032547,0.962520965997154
petroleo_crudo_median_r1,-0.036705751217038715,0.036705751217038715,0.9639597376018113
t_13_r1,0.03372085927185809,0.03372085927185809,1.0342958523311028
t_04_fue_shock_r1,0.033392860253991206,0.033392860253991206,1.0339566599377812
t_12_r1,0.02785250291187753,0.02785250291187753,1.0282440102385604
ntl_meses_validos_q_r2,-0.027787608837810417,0.027787608837810417,0.9725949154303467
iacv2_n_mean_r3,0.026841394365734985,0.026841394365734985,1.0272048693629279
ntl_meses_validos_q_r4,-0.025957695230218805,0.025957695230218805,0.9743763095022979
ntl_median_q_volatilidad,-0.025142648546301532,0.025142648546301532,0.975170795409816
year_normalized,-0.025121462677900764,0.025121462677900764,0.9751914554688057
t_12_volatilidad,-0.024711146299375767,0.024711146299375767,0.9755916745977988
t_02_volatilidad,0.02454233990673268,0.02454233990673268,1.0248459820719038
ntl_sum_q_r2,-0.02449012335920676,0.02449012335920676,0.9758073265692614
iacv2_r4,-0.023738243430428876,0.023738243430428876,0.976541292404976
ntl_log_sum_q_r4,0.02190491851861801,0.02190491851861801,1.0221465926377222
ntl_zscore_q_volatilidad,0.021097721685161108,0.021097721685161108,1.0213218520535914
iacv2_fue_shock_r1,0.020978312075295703,0.020978312075295703,1.0211999036907387
t_14_r2,0.01980518888144627,0.01980518888144627,1.0200026128203183
t_11_tendencia,-0.019584714213175116,0.019584714213175116,0.9806058204193973
t_03_r4,0.019232506698919193,0.019232506698919193,1.0194186427284186
iacv_n_mean_r1,0.018885537089943373,0.018885537089943373,1.0190649967963117
ntl_trend_q_r1,-0.018753947654421177,0.018753947654421177,0.9814208134299167
oro_median_r1,0.018564889444206707,0.018564889444206707,1.0187382883861769
ntl_log_sum_q_volatilidad,0.01623162567521165,0.01623162567521165,1.016364074158941
t_04_r2,0.016059689751154835,0.016059689751154835,1.0161893396846693
t_09_n_mean_r4,0.01586526840720342,0.01586526840720342,1.0159917899920994
ntl_log_median_q_volatilidad,-0.01572863090267156,0.01572863090267156,0.9843944180372148
ntl_log_sum_q_r2,0.015330819033304677,0.015330819033304677,1.0154489388921886
t_08_volatilidad,-0.015182727011352424,0.015182727011352424,0.9849319494875202
t_07_n_mean_r1,0.01507757855713962,0.01507757855713962,1.0151918186773792
t_12_r3,0.014824249112260142,0.014824249112260142,1.0149346732701343
iacv2_n_mean_r4,0.014622629350008302,0.014622629350008302,1.0147300630100375
ntl_sd_q_r3,-0.01449241322098116,0.01449241322098116,0.98561209632519
t_10_r3,0.014367157166834416,0.014367157166834416,1.014470860816393
ntl_log_sum_q_tendencia,-0.014074153968404867,0.014074153968404867,0.9860244239278355
t_04_volatilidad,0.013404092332821717,0.013404092332821717,1.013494329911974
t_16_n_mean_r3,-0.013059730502216897,0.013059730502216897,0.9870251777499637
t_04_r3,0.013012904990856103,0.013012904990856103,1.0130979412951182
t_05_n_mean_r1,-0.010992584557934388,0.010992584557934388,0.9890676131217591
ia_tendencia,0.010973246304717604,0.010973246304717604,1.0110336731960745
oro_mean_r1,0.010862555742227529,0.010862555742227529,1.0109217675036584
t_12_r2,0.010497466544141264,0.010497466544141264,1.0105527582509775
ntl_trend_q_r4,0.010483374622936522,0.010483374622936522,1.0105385177214732
t_17_r3,0.01025855009377319,0.01025855009377319,1.010311349412486
t_16_n_mean_r2,0.010133883115597622,0.010133883115597622,1.0101854048002685
ntl_trend_q_tendencia,-0.009863467596442622,0.009863467596442622,0.990185016860839
t_07_r4,0.00979242086721837,0.00979242086721837,1.0098405235059877
ia_pos_relativa,0.009788244381178384,0.009788244381178384,1.009836305929946
t_08_r3,0.009655863361399723,0.009655863361399723,1.0097026316181235
t_09_n_mean_r2,0.009498110153058814,0.009498110153058814,1.0095433603516224
t_05_n_mean_r4,-0.009343831227360508,0.009343831227360508,0.9906996867167267
t_14_n_mean_r2,0.009343816745559955,0.009343816745559955,1.0093876064827425
t_13_volatilidad,0.008940977946413383,0.008940977946413383,1.0089810678817321
population,-0.008528870665996073,0.008528870665996073,0.9915073969708539
t_14_n_mean_r1,0.00843260302903348,0.00843260302903348,1.008468257575703
ntl_zscore_q_r2,-0.00835033113695146,0.00835033113695146,0.9916844360383188
iacv_fue_shock_r1,0.007914646371985126,0.007914646371985126,1.0079460499803945
t_11_r4,0.007688631984813712,0.007688631984813712,1.0077182654138706
t_05_n_mean_r3,-0.0075732889803684575,0.0075732889803684575,0.992455316115519
t_05_n_mean_r2,-0.007533684304972781,0.007533684304972781,0.9924946227645168
petroleo_crudo_mean_r1,-0.007506739274518152,0.007506739274518152,0.9925213659226492
iacv_n_mean_r3,0.007424468425143149,0.007424468425143149,1.0074520981271307
t_02_zscore_4q,0.007248555176777724,0.007248555176777724,1.0072748895431023
t_03_r1,0.007230962975613216,0.007230962975613216,1.0072571695164851
ntl_sd_q_r2,-0.007065231858880679,0.007065231858880679,0.9929596682156192
iif_volatilidad,-0.0069541425450755446,0.0069541425450755446,0.9930699815510003
t_11_n_mean_r2,0.006529001163555143,0.006529001163555143,1.0065503615536853
t_08_tendencia,-0.006522977886900591,0.006522977886900591,0.9934982505507334
t_12_r4,0.006438550278063951,0.006438550278063951,1.006459322299544
delta_nbi,-0.006407506927937142,0.006407506927937142,0.9936129773701334
t_14_n_mean_r4,0.006181570348797531,0.006181570348797531,1.006200715683868
igc_zscore_4q,0.006159366640806592,0.006159366640806592,1.0061783745450257
t_05_r4,0.006122733971772025,0.006122733971772025,1.0061415162207548
t_11_r2,0.005918721508860093,0.005918721508860093,1.0059362717489195
t_04_n_mean_r1,-0.005350523172343019,0.005350523172343019,0.9946637653816609
ntl_zscore_q_r1,-0.005244637357173723,0.005244637357173723,0.994769091741463
t_15_r1,0.004973897445412697,0.004973897445412697,1.0049862878075908
t_12_n_mean_r1,0.004589732119830535,0.004589732119830535,1.0046002810730783
ntl_sum_q_r4,-0.004570431914278257,0.004570431914278257,0.9954399966159848
t_15_n_mean_r1,-0.004501547664224749,0.004501547664224749,0.9955085691153804
ntl_sum_q_volatilidad,0.004438139901651499,0.004438139901651499,1.0044480030304619
iacv2_r3,-0.004390658223007321,0.004390658223007321,0.9956189666251828
t_04_r4,0.00435190035815836,0.00435190035815836,1.0043613836282805
t_09_r3,0.004295462198479457,0.004295462198479457,1.0043047009196848
t_08_r4,0.004221442494974074,0.004221442494974074,1.0042303653346767
iif_aceleracion,0.004096733764092382,0.004096733764092382,1.004105136849008
iacv_r4,-0.004059947884574565,0.004059947884574565,0.9959482825616764
delta_ipm_ledu_p,0.004033838376865824,0.004033838376865824,1.0040419852536024
t_13_r3,0.0040126224036833615,0.0040126224036833615,1.004020683751736
t_14_r4,-0.0037826074380431234,0.0037826074380431234,0.9962245376096628
igc_volatilidad,-0.0034522088219557205,0.0034522088219557205,0.9965537431997422
ntl_cv_q_volatilidad,-0.0030451250201079133,0.0030451250201079133,0.9969595066705343
t_02_r2,0.003041678660263208,0.003041678660263208,1.0030463092585398
iif_pos_relativa,0.0028911525900391284,0.0028911525900391284,1.002895336002345
t_09_n_mean_r1,-0.002836156341423145,0.002836156341423145,0.9971678617504302
t_07_r3,0.0028338453867475114,0.0028338453867475114,1.002837864522225
igc_fue_shock_r1,-0.002757685172932491,0.002757685172932491,0.9972461137479457
t_16_n_mean_r4,0.002706387722248794,0.002706387722248794,1.0027100532955753
t_10_n_mean_r3,0.0026759774944234843,0.0026759774944234843,1.0026795611180512
ntl_prop_imputado_q_r4,-0.0026466929120111823,0.0026466929120111823,0.9973568064917109
t_05_fue_shock_r1,-0.0023644070642116696,0.0023644070642116696,0.9976383859444675
iacv2_n_mean_r2,0.0022142959035627626,0.0022142959035627626,1.0022167492672271
ntl_meses_validos_q_r1,-0.0022129006175832925,0.0022129006175832925,0.9977895460419175
ntl_trend_q_r2,0.002173178500767263,0.002173178500767263,1.0021755415646418
t_01_fue_shock_r1,0.0020636047707841164,0.0020636047707841164,1.0020657354684963
t_14_r3,0.0017472447307550893,0.0017472447307550893,1.001748772052235
t_17_n_mean_r1,-0.0016998129227355507,0.0016998129227355507,0.9983016309410353
covid_d_r1,0.0015280432181128958,0.0015280432181128958,1.0015292112710203
ia_aceleracion,-0.001481154320000844,0.001481154320000844,0.9985199420476956
igc_aceleracion,-0.0013811185968114366,0.0013811185968114366,0.9986198347085513
t_02_r1,0.0013070048550306306,0.0013070048550306306,1.0013078593581155
ntl_pct_change_q_tendencia,-0.0012839076556628419,0.0012839076556628419,0.9987169162011482
ntl_ma2q_tendencia,0.0012133740044354688,0.0012133740044354688,1.0012141104405001
t_03_n_mean_r2,-0.0011667761743992487,0.0011667761743992487,0.9988339042442635
t_16_n_mean_r1,0.0010205253447927282,0.0010205253447927282,1.001021046257969
t_13_r4,0.0009516339108134839,0.0009516339108134839,1.0009520868580322
igc_tendencia,-0.0006971636583403322,0.0006971636583403322,0.9993030793037782
ntl_log_median_q_tendencia,-0.0006932378513669523,0.0006932378513669523,0.999307002382476
ia_fue_shock_r1,0.000404926456608113,0.000404926456608113,1.0004050084503926
t_10_tendencia,0.00018917540269050603,0.00018917540269050603,1.0001891932974853
ntl_sum_q_r3,0.0,0.0,1.0
ntl_mean_q_r4,0.0,0.0,1.0
ntl_prop_imputado_q_r3,0.0,0.0,1.0
ntl_sd_q_r1,0.0,0.0,1.0
ntl_last_q_r2,0.0,0.0,1.0
ntl_sum_q_r1,0.0,0.0,1.0
ntl_cv_q_r4,0.0,0.0,1.0
ntl_last_q_r3,0.0,0.0,1.0
ntl_median_q_r2,0.0,0.0,1.0
ntl_trend_q_r3,0.0,0.0,1.0
ntl_last_q_r4,0.0,0.0,1.0
ntl_median_q_r3,0.0,0.0,1.0
ntl_median_q_r4,0.0,0.0,1.0
ntl_median_q_r1,0.0,0.0,1.0
ntl_log_mean_q_r1,0.0,0.0,1.0
ntl_cv_q_r3,0.0,0.0,1.0
ntl_prop_imputado_q_r1,0.0,0.0,1.0
ntl_cv_q_r2,0.0,0.0,1.0
ntl_cv_q_r1,0.0,0.0,1.0
ntl_last_q_r1,0.0,0.0,1.0
ntl_prop_imputado_q_r2,0.0,0.0,1.0
ntl_sd_q_r4,0.0,0.0,1.0
ntl_median_q_tendencia,0.0,0.0,1.0
ntl_log_mean_q_r2,0.0,0.0,1.0
ntl_log_mean_q_r3,0.0,0.0,1.0
ntl_cv_q_tendencia,0.0,0.0,1.0
ntl_trend_q_volatilidad,0.0,0.0,1.0
ntl_last_q_tendencia,0.0,0.0,1.0
ntl_last_q_volatilidad,0.0,0.0,1.0
ntl_meses_validos_q_tendencia,0.0,0.0,1.0
ntl_meses_validos_q_volatilidad,0.0,0.0,1.0
ntl_prop_imputado_q_tendencia,0.0,0.0,1.0
ntl_prop_imputado_q_volatilidad,0.0,0.0,1.0
ntl_log_mean_q_tendencia,0.0,0.0,1.0
ntl_log_mean_q_volatilidad,0.0,0.0,1.0
ntl_delta_q_tendencia,0.0,0.0,1.0
ntl_delta_q_volatilidad,0.0,0.0,1.0
ntl_pct_change_q_volatilidad,0.0,0.0,1.0
ntl_zscore_q_tendencia,0.0,0.0,1.0
ntl_ma2q_volatilidad,0.0,0.0,1.0
covid_r1,0.0,0.0,1.0
covid_r2,0.0,0.0,1.0
covid_d_r2,0.0,0.0,1.0
cafe_arabica_mean_r1,0.0,0.0,1.0
cafe_arabica_median_r1,0.0,0.0,1.0
areaoficialkm2,0.0,0.0,1.0
discapital,0.0,0.0,1.0
trim_desde_paz,0.0,0.0,1.0
ntl_sd_q_volatilidad,0.0,0.0,1.0
ntl_sd_q_tendencia,0.0,0.0,1.0
ntl_sum_q_tendencia,0.0,0.0,1.0
ntl_pct_change_q_r1,0.0,0.0,1.0
ntl_log_mean_q_r4,0.0,0.0,1.0
ntl_log_sum_q_r3,0.0,0.0,1.0
ntl_log_median_q_r1,0.0,0.0,1.0
ntl_log_median_q_r2,0.0,0.0,1.0
ntl_log_median_q_r3,0.0,0.0,1.0
ntl_log_median_q_r4,0.0,0.0,1.0
ntl_delta_q_r1,0.0,0.0,1.0
ntl_delta_q_r2,0.0,0.0,1.0
ntl_delta_q_r3,0.0,0.0,1.0
ntl_delta_q_r4,0.0,0.0,1.0
ntl_pct_change_q_r2,0.0,0.0,1.0
ntl_mean_q_r2,0.0,0.0,1.0
ntl_pct_change_q_r3,0.0,0.0,1.0
ntl_pct_change_q_r4,0.0,0.0,1.0
ntl_zscore_q_r3,0.0,0.0,1.0
ntl_zscore_q_r4,0.0,0.0,1.0
ntl_ma2q_r1,0.0,0.0,1.0
ntl_ma2q_r2,0.0,0.0,1.0
ntl_ma2q_r3,0.0,0.0,1.0
ntl_ma2q_r4,0.0,0.0,1.0
ntl_mean_q_tendencia,0.0,0.0,1.0
ntl_mean_q_volatilidad,0.0,0.0,1.0
ntl_mean_q_r3,0.0,0.0,1.0
iacv_r1,0.0,0.0,1.0
ntl_mean_q_r1,0.0,0.0,1.0
t_16_r2,0.0,0.0,1.0
t_16_r4,0.0,0.0,1.0
t_17_r1,0.0,0.0,1.0
t_17_r2,0.0,0.0,1.0
t_17_r4,0.0,0.0,1.0
iacv_n_mean_r2,0.0,0.0,1.0
iacv_n_mean_r4,0.0,0.0,1.0
t_02_n_mean_r1,0.0,0.0,1.0
t_02_n_mean_r2,0.0,0.0,1.0
t_02_n_mean_r3,0.0,0.0,1.0
t_02_n_mean_r4,0.0,0.0,1.0
t_03_n_mean_r1,0.0,0.0,1.0
t_03_n_mean_r3,0.0,0.0,1.0
t_03_n_mean_r4,0.0,0.0,1.0
t_04_n_mean_r2,0.0,0.0,1.0
t_04_n_mean_r3,0.0,0.0,1.0
t_04_n_mean_r4,0.0,0.0,1.0
t_07_n_mean_r2,0.0,0.0,1.0
t_07_n_mean_r3,0.0,0.0,1.0
t_07_n_mean_r4,0.0,0.0,1.0
t_08_n_mean_r1,0.0,0.0,1.0
t_08_n_mean_r2,0.0,0.0,1.0
t_08_n_mean_r3,0.0,0.0,1.0
t_08_n_mean_r4,0.0,0.0,1.0
t_09_n_mean_r3,0.0,0.0,1.0
t_10_n_mean_r1,0.0,0.0,1.0
t_10_n_mean_r2,0.0,0.0,1.0
t_10_n_mean_r4,0.0,0.0,1.0
t_16_r3,0.0,0.0,1.0
t_16_r1,0.0,0.0,1.0
t_17_volatilidad,0.0,0.0,1.0
t_15_r4,0.0,0.0,1.0
iacv_r3,0.0,0.0,1.0
iacv2_r1,0.0,0.0,1.0
iacv2_r2,0.0,0.0,1.0
t_02_r3,0.0,0.0,1.0
t_02_r4,0.0,0.0,1.0
t_03_r2,0.0,0.0,1.0
t_03_r3,0.0,0.0,1.0
t_04_r1,0.0,0.0,1.0
t_05_r1,0.0,0.0,1.0
t_05_r2,0.0,0.0,1.0
t_05_r3,0.0,0.0,1.0
t_07_r1,0.0,0.0,1.0
t_07_r2,0.0,0.0,1.0
t_08_r1,0.0,0.0,1.0
t_08_r2,0.0,0.0,1.0
t_09_r1,0.0,0.0,1.0
t_09_r2,0.0,0.0,1.0
t_09_r4,0.0,0.0,1.0
t_10_r1,0.0,0.0,1.0
t_10_r2,0.0,0.0,1.0
t_10_r4,0.0,0.0,1.0
t_11_r1,0.0,0.0,1.0
t_11_r3,0.0,0.0,1.0
t_13_r2,0.0,0.0,1.0
t_14_r1,0.0,0.0,1.0
t_15_r2,0.0,0.0,1.0
t_15_r3,0.0,0.0,1.0
t_11_n_mean_r1,0.0,0.0,1.0
t_11_n_mean_r3,0.0,0.0,1.0
t_11_n_mean_r4,0.0,0.0,1.0
t_12_n_mean_r2,0.0,0.0,1.0
t_02_fue_shock_r1,0.0,0.0,1.0
t_03_tendencia,0.0,0.0,1.0
t_03_pos_relativa,0.0,0.0,1.0
t_03_aceleracion,0.0,0.0,1.0
t_03_zscore_4q,0.0,0.0,1.0
t_03_fue_shock_r1,0.0,0.0,1.0
t_04_tendencia,0.0,0.0,1.0
t_04_aceleracion,0.0,0.0,1.0
t_05_tendencia,0.0,0.0,1.0
t_05_volatilidad,0.0,0.0,1.0
t_05_pos_relativa,0.0,0.0,1.0
t_05_aceleracion,0.0,0.0,1.0
t_05_zscore_4q,0.0,0.0,1.0
t_07_tendencia,0.0,0.0,1.0
t_07_volatilidad,0.0,0.0,1.0
t_09_tendencia,0.0,0.0,1.0
t_10_volatilidad,0.0,0.0,1.0
t_11_volatilidad,0.0,0.0,1.0
t_12_tendencia,0.0,0.0,1.0
t_13_tendencia,0.0,0.0,1.0
t_14_tendencia,0.0,0.0,1.0
t_14_volatilidad,0.0,0.0,1.0
t_15_tendencia,0.0,0.0,1.0
t_15_volatilidad,0.0,0.0,1.0
t_16_tendencia,0.0,0.0,1.0
t_16_volatilidad,0.0,0.0,1.0
t_17_tendencia,0.0,0.0,1.0
t_02_aceleracion,0.0,0.0,1.0
t_02_pos_relativa,0.0,0.0,1.0
t_02_tendencia,0.0,0.0,1.0
t_17_n_mean_r4,0.0,0.0,1.0
t_12_n_mean_r3,0.0,0.0,1.0
t_12_n_mean_r4,0.0,0.0,1.0
t_13_n_mean_r1,0.0,0.0,1.0
t_13_n_mean_r2,0.0,0.0,1.0
t_13_n_mean_r3,0.0,0.0,1.0
t_13_n_mean_r4,0.0,0.0,1.0
t_14_n_mean_r3,0.0,0.0,1.0
t_15_n_mean_r2,0.0,0.0,1.0
t_15_n_mean_r3,0.0,0.0,1.0
t_15_n_mean_r4,0.0,0.0,1.0
t_17_n_mean_r2,0.0,0.0,1.0
t_17_n_mean_r3,0.0,0.0,1.0
iacv_tendencia,0.0,0.0,1.0
t_01_zscore_4q,0.0,0.0,1.0
iacv_aceleracion,0.0,0.0,1.0
iacv2_tendencia,0.0,0.0,1.0
iacv2_aceleracion,0.0,0.0,1.0
ia_volatilidad,0.0,0.0,1.0
ia_zscore_4q,0.0,0.0,1.0
igc_pos_relativa,0.0,0.0,1.0
iif_tendencia,0.0,0.0,1.0
iif_zscore_4q,0.0,0.0,1.0
iif_fue_shock_r1,0.0,0.0,1.0
t_01_tendencia,0.0,0.0,1.0
iacv_r2,0.0,0.0,1.0
t_01_aceleracion,0.0,0.0,1.0
trim_desde_paz_sq,0.0,0.0,1.0
