Feature,Importance
ia_aceleracion,0.01747614108625088
ia_volatilidad,0.015245415103445048
ia_pos_relativa,0.015123482853616456
population,0.014229663560504835
iif_volatilidad,0.014029481510593071
covid_d_r1,0.012182120868603872
trim_desde_paz_sq,0.011837367184970275
covid_r1,0.010570266640272368
ntl_median_q_r4,0.010231502447407257
ntl_log_mean_q_r4,0.00994951512968594
covid_r2,0.009803152739257933
ia_zscore_4q,0.00940581836658087
ntl_mean_q_tendencia,0.009404153313626033
t_05_n_mean_r2,0.00931666508175343
ntl_sum_q_r2,0.009058788662391175
ntl_zscore_q_tendencia,0.008855127992679535
t_10_n_mean_r3,0.008716312904210217
iif_aceleracion,0.008497196445236038
igc_volatilidad,0.008462232575756902
ntl_trend_q_tendencia,0.00843034004326347
year_normalized,0.008263222384768749
t_03_zscore_4q,0.007916266195030514
iif_zscore_4q,0.0077679802522803145
ntl_mean_q_r4,0.007639846472639062
ntl_log_sum_q_r3,0.007522316368329966
ntl_last_q_r1,0.007408511542475416
t_01_n_mean_r3,0.0073622621899494065
ntl_log_sum_q_r2,0.007263545520989565
t_09_n_mean_r4,0.007231515310497915
ntl_log_mean_q_r3,0.007189238174767068
ntl_zscore_q_r2,0.007004704579602065
t_10_n_mean_r4,0.00686729633266892
ntl_delta_q_r1,0.0065458642477148185
ntl_ma2q_tendencia,0.006503680878250685
ia_tendencia,0.006499063248161177
t_10_r3,0.006450411706489864
ntl_median_q_r3,0.006409824424434041
ntl_log_median_q_r3,0.006176567424705393
iacv2_n_mean_r4,0.006064680051176019
t_01_r3,0.006037048550460098
iacv_n_mean_r1,0.005977390306394398
ntl_log_median_q_r4,0.005850956196407468
covid_d_r2,0.005850348512207899
oro_mean_r1,0.005752551542537946
t_01_tendencia,0.0057486930707521785
ntl_zscore_q_volatilidad,0.0057442797915961165
petroleo_crudo_mean_r1,0.005660787125219725
ntl_mean_q_r3,0.005620971029347171
ntl_sum_q_r3,0.005593050193594204
ntl_log_mean_q_tendencia,0.005510642499072459
t_01_r2,0.005167574864195084
ntl_delta_q_r3,0.0051637736352759134
ntl_last_q_tendencia,0.005147669434886779
t_04_aceleracion,0.004971728503033641
ntl_pct_change_q_r3,0.004925924803457091
ntl_sum_q_r1,0.004905397536335927
ntl_zscore_q_r3,0.004903849373257065
ntl_last_q_r4,0.0048575175495389235
ntl_pct_change_q_r4,0.004765505357601078
ntl_cv_q_r2,0.0046465216593021075
t_11_n_mean_r1,0.0046156086745838395
iacv_aceleracion,0.00457209201991947
ntl_log_median_q_tendencia,0.0045697082467506785
t_10_volatilidad,0.004557546748007046
t_05_aceleracion,0.004515278923272274
t_05_volatilidad,0.004372113153787103
t_01_n_mean_r2,0.0042766401689213465
t_14_r1,0.004265773281443965
ntl_sum_q_r4,0.004247787549028637
t_03_volatilidad,0.004236461299579139
t_13_n_mean_r2,0.004189245422561114
iacv2_n_mean_r2,0.0041749874755597485
iacv_volatilidad,0.004162298420610963
ntl_sum_q_volatilidad,0.004126264594120776
t_09_tendencia,0.0041067887060546515
t_01_r1,0.004099068047377618
t_13_tendencia,0.004065467941256881
iacv2_n_mean_r3,0.004053810622509088
ntl_trend_q_r1,0.004031949444186112
t_03_aceleracion,0.004029898440040799
ntl_ma2q_r4,0.004027120257618228
t_02_n_mean_r2,0.0040220784298102856
ntl_sum_q_tendencia,0.00396127036261528
t_05_zscore_4q,0.00395932893556338
areaoficialkm2,0.003951912113069328
iacv2_r1,0.003918086903838709
ntl_delta_q_tendencia,0.0037715069617991316
t_14_volatilidad,0.0037549749529636346
t_14_n_mean_r1,0.00373003645707099
igc_aceleracion,0.003689376382040272
ntl_cv_q_tendencia,0.0036574558492500414
t_12_volatilidad,0.003653964156091954
t_16_n_mean_r2,0.0036394750417876156
ntl_mean_q_volatilidad,0.0036305222950739837
iif_pos_relativa,0.003528210388919083
ntl_log_median_q_r1,0.0035220527177254714
t_05_n_mean_r3,0.0035033822042563278
t_13_r2,0.0034932498053881276
t_05_n_mean_r1,0.0034756862907159352
t_03_tendencia,0.003452661549772832
t_01_r4,0.003424296422930606
ntl_sd_q_volatilidad,0.003418794475433754
t_13_r1,0.0034187374151362325
ntl_log_median_q_r2,0.0034169240866237047
t_10_n_mean_r2,0.0033944747469161498
t_15_r4,0.0033680944116616894
iacv_n_mean_r2,0.003347847964949108
disbogota,0.0033113289631332963
cafe_arabica_mean_r1,0.003299014286391358
ntl_sd_q_tendencia,0.003297989590949235
iif_fue_shock_r1,0.0032940911762841174
ntl_log_mean_q_volatilidad,0.0032897460409959433
t_14_tendencia,0.003285937046756118
t_02_aceleracion,0.0032421030169646147
t_01_n_mean_r4,0.0032301143952518595
igc_pos_relativa,0.00319870120402626
t_12_r4,0.003162955078961907
ntl_trend_q_r4,0.0031512756047121283
ntl_last_q_volatilidad,0.003146606987933129
iacv_r2,0.0031332567966664278
t_11_r4,0.0031142715767406336
ntl_median_q_tendencia,0.0030964127011196886
women_share,0.0030407503860809125
igc_zscore_4q,0.0030166060142392636
trim_desde_paz,0.003006874187713102
t_10_n_mean_r1,0.0029557822723988818
t_04_tendencia,0.002955594339223209
t_03_r4,0.002952788889691743
t_15_r2,0.0029011458041643978
iacv_tendencia,0.0028972536028763463
ntl_sd_q_r1,0.002885758816670121
t_08_r2,0.0028740101151524962
discapital,0.0028685687388651875
t_05_r4,0.002848404235078554
ntl_log_sum_q_r4,0.002840756447903524
iacv_r3,0.00281850307410461
ntl_ma2q_r2,0.0028087097499277136
ntl_cv_q_r3,0.0028026016318088366
t_11_r3,0.0028025983441020107
ntl_trend_q_r2,0.0028020731757047988
altura,0.0027860759857930768
oro_median_r1,0.0027303604682999937
t_01_aceleracion,0.0027256210126200137
t_17_r2,0.0026726372416099333
t_12_n_mean_r1,0.00261049290490004
petroleo_crudo_median_r1,0.002591021608880276
ntl_trend_q_r3,0.0025811487990780313
t_13_n_mean_r3,0.0025485340250288053
ntl_log_sum_q_tendencia,0.002538157245702569
indrural,0.002531176040971992
ntl_delta_q_volatilidad,0.0025072097506704588
iacv2_r2,0.002492905917056105
ntl_cv_q_volatilidad,0.0024914444749061866
ntl_ma2q_volatilidad,0.0024877893191646715
ntl_delta_q_r4,0.0024852371133071505
ntl_median_q_volatilidad,0.002471736082496416
t_13_n_mean_r1,0.002462549380176029
t_01_n_mean_r1,0.0024433114319282823
t_14_n_mean_r2,0.0024302526705932232
iacv2_volatilidad,0.0024129433685152
t_09_r1,0.0023966632309929035
ntl_zscore_q_r4,0.0023932160070172393
t_03_n_mean_r4,0.002393187823187207
t_15_n_mean_r1,0.002382656038840764
iacv2_zscore_4q,0.002322952335778231
t_04_volatilidad,0.0023208578039409316
t_04_r2,0.0022912559530144753
t_15_tendencia,0.002267738049029944
t_14_r3,0.0022576269442370982
ntl_pct_change_q_r2,0.0022423457811028323
iacv2_n_mean_r1,0.002193425931391173
t_10_r2,0.0021754011324974704
ntl_ma2q_r3,0.0021444964317751075
ntl_pct_change_q_volatilidad,0.0021377835952824838
t_05_n_mean_r4,0.002089677373771549
iacv_n_mean_r3,0.0020834151534619115
ntl_zscore_q_r1,0.0020705852816769402
ntl_log_mean_q_r2,0.0020623256219554783
delta_ipm_ledu_p,0.0020605240241796945
t_12_r3,0.00205936787129754
t_09_volatilidad,0.0020542521906529785
t_17_n_mean_r4,0.002038736100735655
t_17_n_mean_r2,0.002037727106143228
t_03_r3,0.0020341581591992674
t_08_tendencia,0.002018876208362545
ntl_pct_change_q_r1,0.002010168481910739
t_02_r3,0.0020090688127221193
t_15_volatilidad,0.0020052597508449016
t_13_r3,0.0020015628390899843
t_17_tendencia,0.001989106778173057
t_08_n_mean_r2,0.0019611959377093214
ntl_median_q_r1,0.0019603696382364004
ntl_cv_q_r1,0.001955512136943789
ntl_trend_q_volatilidad,0.0019331545156946479
t_10_r1,0.0018882486192501608
t_13_volatilidad,0.0018858273057393133
iacv_r4,0.0018470924767354797
ntl_log_sum_q_r1,0.0018424993723220894
t_09_r3,0.0018317079094053465
t_07_n_mean_r2,0.001781875408733401
iacv_n_mean_r4,0.0017794406796228677
t_02_volatilidad,0.0017781452390150648
igc_tendencia,0.0017706895924370623
cafe_arabica_median_r1,0.0017494620652659533
ntl_sd_q_r3,0.0017364597937293584
t_04_r3,0.0017302540771765328
t_10_r4,0.0017294792668755524
t_16_n_mean_r1,0.0017206206226718223
t_07_r1,0.0017130196638895146
t_02_r2,0.0016801132774511417
t_02_zscore_4q,0.0016724134688426806
t_09_n_mean_r1,0.0016624298247441558
t_01_volatilidad,0.0016598157215453712
iacv2_tendencia,0.0016297578332529347
t_12_n_mean_r3,0.0016272344761588526
t_05_r1,0.0016170322040957275
t_04_zscore_4q,0.001616713763234432
t_12_r2,0.0016075815584687717
t_11_n_mean_r3,0.0015933721255914355
iacv2_aceleracion,0.001556979361444394
t_15_n_mean_r3,0.0015538340680006856
t_07_tendencia,0.0015482860335969079
ntl_log_sum_q_volatilidad,0.0015480044902263174
t_02_tendencia,0.0015402758172180847
distancia_mercado,0.0015387151740713092
t_08_n_mean_r1,0.0015338083670275735
iif_tendencia,0.0015232709348012303
t_14_n_mean_r4,0.0015007476323337888
t_15_n_mean_r2,0.0014403707506910406
t_12_r1,0.0014025287871234763
t_14_r2,0.0013634918622107356
t_15_r1,0.0013558848967049311
t_04_n_mean_r2,0.0013291066675433871
t_11_n_mean_r4,0.0013185934595353293
t_13_n_mean_r4,0.0012935243278341163
t_16_tendencia,0.0012872829527934275
t_07_n_mean_r3,0.0012761928231749306
t_03_n_mean_r1,0.0012415312707615975
ntl_mean_q_r1,0.0012399369664059738
ntl_log_mean_q_r1,0.0012325685677839647
ntl_meses_validos_q_volatilidad,0.001214515202826757
ntl_mean_q_r2,0.0012103127829062206
t_16_n_mean_r4,0.0012050723261972812
t_11_r1,0.0011904918016003645
t_03_n_mean_r3,0.0011896846367739006
t_13_r4,0.0011725402692675576
iacv2_pos_relativa,0.0011691157409252767
t_02_pos_relativa,0.0011667345539581328
ntl_sd_q_r4,0.001158822826541374
iacv_zscore_4q,0.0011558242011693468
t_15_n_mean_r4,0.0011446784208204864
t_11_r2,0.0011439967194449357
t_04_r4,0.001133369604649235
ntl_pct_change_q_tendencia,0.001106308627237036
iacv2_r4,0.0011036669520204496
t_09_n_mean_r3,0.001097412269992186
t_08_r4,0.0010866875854928949
t_14_r4,0.0010392814910876614
t_07_volatilidad,0.0010346365302588403
ntl_cv_q_r4,0.0010299381857799676
ntl_meses_validos_q_r4,0.0010189551965185284
t_12_n_mean_r4,0.0009864912195637172
ia_fue_shock_r1,0.0009855549270031596
t_16_r2,0.0009414295879410689
t_02_r1,0.0009413292576771223
t_02_r4,0.0009026465878447745
t_05_tendencia,0.0008766728288929013
t_12_tendencia,0.0008736634943103121
t_07_n_mean_r1,0.0008714002679321254
t_04_n_mean_r4,0.0008560722420370031
t_02_n_mean_r4,0.0007846721957057677
t_03_r2,0.0007834105167992697
t_05_r3,0.0007550761103517147
t_05_pos_relativa,0.0007443513067870901
t_04_pos_relativa,0.0007364766616116816
delta_nbi,0.0007300505187595345
t_17_volatilidad,0.0007281407179638918
t_08_n_mean_r4,0.0006902593899917948
t_08_volatilidad,0.0006884346935899877
ntl_delta_q_r2,0.0006771574337851626
ntl_ma2q_r1,0.00066843440115278
t_08_r3,0.0006400261767016101
ntl_last_q_r2,0.000630609792612319
delta_ipm,0.0006236302762267867
ntl_prop_imputado_q_volatilidad,0.0006186465566746532
t_04_r1,0.0005924917667402553
t_07_n_mean_r4,0.0005676524121051827
t_16_n_mean_r3,0.0005399155048260582
t_10_tendencia,0.0005371717577172565
t_11_n_mean_r2,0.0005328490980464109
dismdo,0.0005301065875547012
t_05_r2,0.0005128363558699807
iacv2_fue_shock_r1,0.0005093854020944847
t_07_r2,0.0004933890619788533
ntl_median_q_r2,0.0004838731072081392
t_05_fue_shock_r1,0.00042950584064451006
t_09_r4,0.0004254420206405367
t_08_n_mean_r3,0.0004151714310775054
t_16_volatilidad,0.0004032425598280377
t_11_volatilidad,0.0003706405921408911
iacv_r1,0.00036062819728792286
t_17_r4,0.0003141821426873572
t_04_n_mean_r3,0.0002817367453733845
t_04_n_mean_r1,0.00023331551924753575
t_02_n_mean_r3,0.00022738929500789725
iacv2_r3,0.00021979472191152653
ntl_meses_validos_q_r1,0.00019224356020043233
t_16_r4,0.00018533313997212136
t_03_n_mean_r2,0.0001533210878951563
t_09_r2,0.00014253193931080283
t_02_n_mean_r1,0.00013539785007107637
ntl_meses_validos_q_r3,5.6939917612829144e-05
ntl_sd_q_r2,3.670979852148184e-05
quarter_sin,2.824439389511173e-05
t_03_pos_relativa,3.7792643662510446e-06
dept_code,0.0
t_01_pos_relativa,0.0
ntl_last_q_r3,0.0
t_11_tendencia,0.0
iacv_fue_shock_r1,0.0
quarter_cos,0.0
igc_fue_shock_r1,0.0
t_01_zscore_4q,0.0
t_04_fue_shock_r1,0.0
t_01_fue_shock_r1,0.0
t_02_fue_shock_r1,0.0
t_03_r1,0.0
ntl_meses_validos_q_r2,0.0
t_03_fue_shock_r1,0.0
t_17_r1,0.0
t_07_r3,0.0
t_07_r4,0.0
ntl_meses_validos_q_tendencia,0.0
ntl_prop_imputado_q_tendencia,0.0
t_16_r3,0.0
t_16_r1,0.0
t_15_r3,0.0
ntl_log_median_q_volatilidad,0.0
t_09_n_mean_r2,0.0
t_12_n_mean_r2,0.0
t_14_n_mean_r3,0.0
t_17_n_mean_r1,0.0
t_17_n_mean_r3,0.0
iacv_pos_relativa,0.0
ntl_prop_imputado_q_r4,0.0
ntl_prop_imputado_q_r3,0.0
ntl_prop_imputado_q_r2,0.0
t_17_r3,0.0
t_08_r1,0.0
ntl_prop_imputado_q_r1,0.0
